date,symbol,iv30,price
2026-10-02,SPY,13.437,763.99
2026-10-02,QQQ,19.541,743.60
2026-10-02,IWM,19.573,279.02
2026-10-02,DIA,13.959,508.62
2026-10-02,XLF,17.091,53.46
2026-10-02,XLE,25.924,62.70
2026-10-02,XLK,25.693,197.81
2026-10-02,XLV,16.562,166.20
2026-10-02,GLD,20.742,382.76
2026-10-02,TLT,16.289,77.70
2026-10-02,AAPL,26.035,330.78
2026-10-02,MSFT,33.197,515.03
2026-10-02,NVDA,30.560,231.49
2026-10-02,AMZN,38.645,248.85
2026-10-02,GOOGL,35.698,339.17
2026-10-02,META,44.667,726.77
2026-10-02,TSLA,45.365,355.60
2026-10-02,AMD,51.399,617.26
2026-10-02,AVGO,35.514,345.38
2026-10-02,JPM,26.499,333.29
2026-10-02,BAC,28.658,53.71
2026-10-02,XOM,29.392,163.97
2026-10-02,KO,20.970,86.10
2026-10-02,PFE,22.364,28.12
2026-10-02,INTC,72.263,120.23
2026-10-02,F,38.441,12.27
2026-10-02,T,29.310,24.36
2026-10-02,WFC,31.346,80.35
2026-10-02,DIS,24.464,101.31
2026-10-02,NFLX,44.625,67.94
